"peptide","X10.pg.histone.standard","Bulk"
"H31-K18[ac];K23[ac]",0.160193133059495,0.0258790581510969
"H31-K18[ac];K23[un]",0.225160822351223,0.0356372555127536
"H31-K18[un];K23[un]",0.0224823414287409,0.0446347111932801
"H31-K9[ac];K14[ac]",0.294417536586983,0.0800073663527959
"H31-K9[me2];K14[ac]",0.179430530781894,0.201531954944777
"H31-K9[me2];K14[un]",0.0351428515897301,0.0332963802905802
"H31-K9[me3];K14[ac]",0.159037075036682,0.0452067330496376
"H31-K9[me3];K14[un]",0.0448587365967168,0.0322240174182564
"H31-K9[me];K14[ac]",0.221630677007163,0.0352862180957382
"H31-K9[me];K14[un]",0.0935656594056247,0.0398135108283077
"H31-K9[un];K14[ac]",0.0876619384861322,0.0700892957314963
"H31-K9[un];K14[un]",0.052017935017746,0.0702218591151516
