"peptide","X10.pg.histone.standard","Bulk"
"H2AJ-K5[un];K9[un]",0.215757252942475,0.471296978124004
"H31-K18[ac];K23[ac]",0.160193133059495,0.0358801341034256
"H31-K18[ac];K23[un]",0.225160822351223,0.074727418278703
"H31-K18[un];K23[ac]",0.0551113324850115,0.100592916268824
"H31-K18[un];K23[un]",0.0224823414287409,0.0395981410027418
"H31-K79[me]",0.247496435903107,0.0511104580572265
"H31-K79[un]",0.298400539901621,0.0261816841972271
"H31-K9[ac];K14[ac]",0.294417536586983,0.279546504677829
"H31-K9[me2];K14[ac]",0.179430530781894,0.111402772136572
"H31-K9[me2];K14[un]",0.0351428515897301,0.057761895703007
"H31-K9[me3];K14[ac]",0.159037075036682,0.0891474041281075
"H31-K9[me3];K14[un]",0.0448587365967168,0.483455618352315
"H31-K9[me];K14[ac]",0.221630677007163,0.123988822772571
"H31-K9[me];K14[un]",0.0935656594056247,0.796312746335901
"H31-K9[un];K14[ac]",0.0876619384861322,0.482260316080032
"H31-K9[un];K14[un]",0.052017935017746,0.0991769888792843
