"","id","median_0cell","median_1cell","median_ratio"
"1","H1.5-K33[un];K45[un];K51[un]",40903,29499.5,0.721206268488864
"2","H2AJ-K5[ac];K9[hib]",8369,3693.5,0.441331102879675
"3","H2AJ-K5[ac];K9[un]",5571,5101.5,0.915724286483576
"4","H2B1B-K85[un]",14407,9814.5,0.681231345873534
"5","H31-K27[hib];K36[un];K37[un]",15258,11296,0.740332940096998
"6","H31-K27[me2];K36[me];K37[un]",18437,13860.5,0.751776319357813
"7","H31-K27[me2];K36[un];K37[un]",38145,16155,0.423515532835234
"8","H31-K27[me3];K36[un];K37[un]",15259,5948,0.389802739366931
"9","H31-K27[me];K36[me2];K37[un]",22105,11055.5,0.50013571590138
"10","H31-K27[un];K36[un];K37[un]",11378,8165.5,0.717656881701529
"11","H31-Y41[un];R42[un];T45[un]",39723,21143.5,0.532273493945573
