"","correlation","p_value"
"H1-K25[me];K31[un]",0.528858792917831,0.0518413149065893
"H1.2-K33[ac];K45[un];K51[un]",0.737148398702741,0.00262857229730137
"H2A1A-K36[un]",0.706296116364735,1.05154477609709e-05
"H2AJ-K5[un];K9[un]",0.799625183375702,7.29835914119226e-07
"H31-K27[un];K36[me2];K37[un]",0.66159749274437,0.00996619414389236
"H31-K79[un]",0.763588556494481,0.000412880092428155
"H31-K9[ac];K14[ac]",0.766757425541086,4.3470123295617e-06
"H31-K9[ac];K14[un]",0.576356281845644,0.0309776360596494
"H31-K9[me3];K14[un]",0.704592769643709,0.00417140517480943
