"","id","median_0cell","median_1cell","median_ratio"
"1","H2A1A-K36[un]",24659.5,23671.5,0.959934305237332
"2","H2AJ-K5[ac];K9[hib]",7479.5,4429.5,0.59221873119861
"3","H2AJ-K5[ac];K9[un]",6530,5368.5,0.822128637059724
"4","H31-K27[hib];K36[un];K37[un]",17393.5,14947,0.859344007819013
"5","H31-K27[me2];K36[un];K37[un]",24022.5,21215,0.88313039858466
"6","H31-K27[me3];K36[un];K37[un]",19941,8725,0.437540745198335
"7","H31-K27[un];K36[un];K37[un]",20829,20628,0.990349992798502
"8","H31-Y41[un];R42[un];T45[un]",25450,14303.5,0.562023575638507
