Protein,Peptide Sequence,Peptide Note,BU_01,BU_02,BU_03,BU_04
H31,KSTGGKAPR,K9unK14un,0.269418,0.281232,0.278484,0.266426
H31,KSTGGKAPR,K9meK14un,0.360798,0.364984,0.366949,0.390164
H31,KSTGGKAPR,K9me2K14un,0.138528,0.129530,0.133336,0.124664
H31,KSTGGKAPR,K9me3K14un,0.067998,0.056811,0.062660,0.058806
H31,KSTGGKAPR,K9acK14un,0.006221,0.015350,0.010494,0.007588
H31,KSTGGKAPR,K9unK14ac,0.025662,0.015929,0.020113,0.023846
H31,KSTGGKAPR,K9meK14ac,0.106328,0.109534,0.103133,0.101670
H31,KSTGGKAPR,K9me2K14ac,0.017445,0.018824,0.017292,0.018732
H31,KSTGGKAPR,K9me3K14ac,0.005738,0.005879,0.005664,0.006092
H31,KSTGGKAPR,K9acK14ac,0.001864,0.001927,0.001876,0.002013
H31,KQLATKAAR,K18unK23un,0.10113,0.10372,0.10746,0.11073
H31,KQLATKAAR,K18meK23un,0.00304,0.00310,0.00319,0.00305
H31,KQLATKAAR,K18unK23me,0.00201,0.00149,0.00163,0.00146
H31,KQLATKAAR,K18acK23un,0.12243,0.10562,0.10670,0.10915
H31,KQLATKAAR,K23acK23un,0.12382,0.13651,0.14488,0.14478
H31,KQLATKAAR,K18acK23ac,0.01813,0.01611,0.01830,0.01615
H31,KSAPATGGVKKPHR,K27unK36un,0.122700,0.120100,0.124100,0.130300
H31,KSAPATGGVKKPHR,K18unK27me,0.109993,0.092065,0.107240,0.107428
H31,KSAPATGGVKKPHR,K18unK27me2,0.270084,0.265992,0.274596,0.263998
H31,KSAPATGGVKKPHR,K18unK27me3,0.086600,0.083428,0.090238,0.086408
H31,KSAPATGGVKKPHR,K18unK27ac,0.002000,0.001900,0.002000,0.002200
H31,KSAPATGGVKKPHR,K27unK36me,0.022462,0.035594,0.027324,0.025787
H31,KSAPATGGVKKPHR,K27unK36me2,0.047504,0.050105,0.042833,0.045722
H31,KSAPATGGVKKPHR,K27meK36me,0.027078,0.028777,0.030890,0.024363
H31,KSAPATGGVKKPHR,K27meK36me2,0.069220,0.072287,0.067362,0.068675
H31,KSAPATGGVKKPHR,K27meK36me3,0.029031,0.030280,0.029502,0.030813
H31,KSAPATGGVKKPHR,K27me2K36me,0.112095,0.110336,0.095026,0.105835
H31,KSAPATGGVKKPHR,K27me2K36me2,0.082919,0.085284,0.085019,0.086988
H31,KSAPATGGVKKPHR,K27me2K36me3,0.023300,0.023000,0.023300,0.023800
H31,KSAPATGGVKKPHR,K27me3K36me,0.020867,0.021092,0.020194,0.020888
H31,KSAPATGGVKKPHR,K27me3K36me2,0.019260,0.019388,0.020409,0.020325
H31,KSAPATGGVKKPHR,K27me3K36me3,0.000126,0.000034,0.000166,0.000126