"","correlation","p_value"
"H1-K25[me];K31[un]",0.528858792917831,0.0518413149065893
"H2AJ-K5[un];K9[un]",0.799625183375702,7.29835914119226e-07
"H2B1B-K85[un]",0.812445633361149,1.32018790551498e-05
"H31-K18[ac];K23[un]",0.808654549116251,0.000462738448074482
"H31-K18[un];K23[su]",0.845159619482535,0.000141304897994647
"H31-K27[me2];K36[me];K37[un]",0.8422363627012,0.000157035038744017
"H31-K27[me3];K36[un];K37[un]",0.585138523562593,0.000545128602565364
"H31-K27[un];K36[me2];K37[un]",0.66159749274437,0.00996619414389236
"H31-K79[me]",0.83056084509303,0.000234656948944762
"H31-K79[un]",0.763588556494481,0.000412880092428155
"H31-K9[ac];K14[ac]",0.766757425541086,4.3470123295617e-06
"H31-K9[me3];K14[un]",0.704592769643709,0.00417140517480943
