"","id","median_0cell","median_1cell","median_ratio"
"1","H1.2-K33[ac];K45[un];K51[un]",8714,7588.5,0.870840027541887
"2","H2A1A-K36[un]",29702,27320,0.919803380243755
"3","H2AJ-K5[ac];K9[un]",9692,5995,0.618551382583574
"4","H2B1A-R79[Me]",15201,13462.5,0.885632524176041
"5","H31-K9[ac];K14[un]",4189,3190,0.761518262115063
"6","H31-Y41[un];R42[un];T45[un]",11177,7228.5,0.64672989174197
